DELETE FROM Pessoa;
DELETE FROM Cliente;
DELETE FROM Bilhete;
DELETE FROM Geral;
DELETE FROM Diario;
DELETE FROM Dia;
DELETE FROM Banda;
DELETE FROM Membro;
DELETE FROM MembroBanda;
DELETE FROM Genero;
DELETE FROM GeneroBanda;
DELETE FROM Infraestrutura;
DELETE FROM Palco;
DELETE FROM WC;
DELETE FROM Restauracao;
DELETE FROM Campismo;
DELETE FROM GeneroPalco;
DELETE FROM Staff;
DELETE FROM SubContratado;
DELETE FROM Sponsor;
DELETE FROM StaffInfraestrutura;
DELETE FROM Horario;

/*Inserting Person*/
INSERT INTO Pessoa (name) VALUES ('Afonso Sá');
INSERT INTO Pessoa (name) VALUES ('André Serralheiro');
INSERT INTO Pessoa (name) VALUES ('Luis Marques');
INSERT INTO Pessoa (name) VALUES ('Joao Diogo');
INSERT INTO Pessoa (name) VALUES ('Joana Fernandes');
INSERT INTO Pessoa (name) VALUES ('Manuel Constantino');
INSERT INTO Pessoa (name) VALUES ('Guilherme Pinto');
INSERT INTO Pessoa (name) VALUES ('Ana Maria');
INSERT INTO Pessoa (name) VALUES ('Fernando Mesquita');
INSERT INTO Pessoa (name) VALUES ('Catarina Torres');
INSERT INTO Pessoa (name) VALUES ('Carla Guimaraes');
INSERT INTO Pessoa (name) VALUES ('Giliano Boucinha');
INSERT INTO Pessoa (name) VALUES ('Susana Carvalho');
INSERT INTO Pessoa (name) VALUES ('Ricardo Lopes');
INSERT INTO Pessoa (name) VALUES ('Duarte Granja');
INSERT INTO Pessoa (name) VALUES ('Diogo Vasco');
INSERT INTO Pessoa (name) VALUES ('Luis Camoes');
INSERT INTO Pessoa (name) VALUES ('Julio Dinis');
INSERT INTO Pessoa (name) VALUES ('Julio Cesar');
INSERT INTO Pessoa (name) VALUES ('Napoleao Bonaparte');
INSERT INTO Pessoa (name) VALUES ('John Bool');
INSERT INTO Pessoa (name) VALUES ('Haruki Murakami');
INSERT INTO Pessoa (name) VALUES ('Joseph Heller');
INSERT INTO Pessoa (name) VALUES ('George Martin');
INSERT INTO Pessoa (name) VALUES ('Milan Kundera');
INSERT INTO Pessoa (name) VALUES ('George Orwell');
INSERT INTO Pessoa (name) VALUES ('Stephen King');
INSERT INTO Pessoa (name) VALUES ('Jose Peixoto');
INSERT INTO Pessoa (name) VALUES ('John Steinbeck');
INSERT INTO Pessoa (name) VALUES ('Oscar Wild');
INSERT INTO Pessoa (name) VALUES ('Adrian Newey');
/*END OF CLIENTS*/
INSERT INTO Pessoa (name) VALUES ('Lila Ramani');
INSERT INTO Pessoa (name) VALUES ('Jesse Brotter ');
INSERT INTO Pessoa (name) VALUES ('Brian Aronow');
INSERT INTO Pessoa (name) VALUES ('Jonathan Gilad');
INSERT INTO Pessoa (name) VALUES ('Angel Olsen');
INSERT INTO Pessoa (name) VALUES ('Phoebe Bridgers');
INSERT INTO Pessoa (name) VALUES ('Marshall Vore');
INSERT INTO Pessoa (name) VALUES ('Mac DeMarco');
INSERT INTO Pessoa (name) VALUES ('Andrew Charles White');
INSERT INTO Pessoa (name) VALUES ('John Lent');
INSERT INTO Pessoa (name) VALUES ('Josh Tillman');
INSERT INTO Pessoa (name) VALUES ('Annie Clark');
INSERT INTO Pessoa (name) VALUES ('Matt Helders');
INSERT INTO Pessoa (name) VALUES ('Alex Turner');
INSERT INTO Pessoa (name) VALUES ('Nick O Malley');
INSERT INTO Pessoa (name) VALUES ('Tomas Wallenstein');
INSERT INTO Pessoa (name) VALUES ('Domingos Coimbra');
INSERT INTO Pessoa (name) VALUES ('Manuel Palha');
INSERT INTO Pessoa (name) VALUES ('Conor Oberst');
INSERT INTO Pessoa (name) VALUES ('Julia Jacklin');
INSERT INTO Pessoa (name) VALUES ('Laura Lee');
INSERT INTO Pessoa (name) VALUES ('Mark Speer');
INSERT INTO Pessoa (name) VALUES ('Donald Johnson');
INSERT INTO Pessoa (name) VALUES ('Ty Segall');
INSERT INTO Pessoa (name) VALUES ('Stella Donely');
INSERT INTO Pessoa (name) VALUES ('Miles Davis');
INSERT INTO Pessoa (name) VALUES ('John Coltrane');
INSERT INTO Pessoa (name) VALUES ('Red Garland');
INSERT INTO Pessoa (name) VALUES ('Paul Chambers');
INSERT INTO Pessoa (name) VALUES ('Philly Joe Jones');
INSERT INTO Pessoa (name) VALUES ('Dan Auerbach');
INSERT INTO Pessoa (name) VALUES ('Patrick Carney');
INSERT INTO Pessoa (name) VALUES ('Stu Mackenzie');
INSERT INTO Pessoa (name) VALUES ('Ambrose Kenny-Smith');
INSERT INTO Pessoa (name) VALUES ('Joey Walker');
INSERT INTO Pessoa (name) VALUES ('Cook Craig');
INSERT INTO Pessoa (name) VALUES ('Lucas Skinner');
INSERT INTO Pessoa (name) VALUES ('Michael Cavanagh');
INSERT INTO Pessoa (name) VALUES ('Eric Moore');
INSERT INTO Pessoa (name) VALUES ('Adrianne Lenker');
INSERT INTO Pessoa (name) VALUES ('Buck Meek');
INSERT INTO Pessoa (name) VALUES ('Max Oleartchik');
INSERT INTO Pessoa (name) VALUES ('James Krivchenia');
INSERT INTO Pessoa (name) VALUES ('Caroline Rose');
INSERT INTO Pessoa (name) VALUES ('Natalie Mering');
/*END OF MEMBERS*/
INSERT INTO Pessoa (name) VALUES ('Joaquim Ferreira');
INSERT INTO Pessoa (name) VALUES ('Joao Ferreira');
INSERT INTO Pessoa (name) VALUES ('Jose Ferreira');
INSERT INTO Pessoa (name) VALUES ('Joaquim Ferreira');
INSERT INTO Pessoa (name) VALUES ('Antonio Giovinazzi');
INSERT INTO Pessoa (name) VALUES ('Sebastian Vettel');
INSERT INTO Pessoa (name) VALUES ('Lewis Hamilton');
INSERT INTO Pessoa (name) VALUES ('Valtteri Bottas');
INSERT INTO Pessoa (name) VALUES ('Charles Leclerc');
INSERT INTO Pessoa (name) VALUES ('Romain Grosjean');
INSERT INTO Pessoa (name) VALUES ('Kimi Raikkonen');
INSERT INTO Pessoa (name) VALUES ('Daniel Ricciardo');
INSERT INTO Pessoa (name) VALUES ('Robert Kubica');
INSERT INTO Pessoa (name) VALUES ('George Russel');
INSERT INTO Pessoa (name) VALUES ('Lando Noris');
INSERT INTO Pessoa (name) VALUES ('Alexander Albon');
INSERT INTO Pessoa (name) VALUES ('Nico Hulkenberg');
INSERT INTO Pessoa (name) VALUES ('Bernice Mcgrath');
INSERT INTO Pessoa (name) VALUES ('Arielle Moran');
INSERT INTO Pessoa (name) VALUES ('Mohammed Fields');
INSERT INTO Pessoa (name) VALUES ('Soren Mckenna');
INSERT INTO Pessoa (name) VALUES ('Karla Bateman');
INSERT INTO Pessoa (name) VALUES ('Phillip Mcdougall');
INSERT INTO Pessoa (name) VALUES ('Tommy Navarro');
INSERT INTO Pessoa (name) VALUES ('Karina Peterson');
INSERT INTO Pessoa (name) VALUES ('Luna Gough');
INSERT INTO Pessoa (name) VALUES ('Luciana Barrera');
INSERT INTO Pessoa (name) VALUES ('Angelika Walmsley');
INSERT INTO Pessoa (name) VALUES ('Xavier Mathews');
INSERT INTO Pessoa (name) VALUES ('Anwar Best');
INSERT INTO Pessoa (name) VALUES ('Zuzanna Luna');
INSERT INTO Pessoa (name) VALUES ('Arnas Prosser');

INSERT INTO Cliente (pessoaID, NIF) VALUES (1,211000333);
INSERT INTO Cliente (pessoaID, NIF) VALUES (2,214840563);
INSERT INTO Cliente (pessoaID, NIF) VALUES (3,210084666);
INSERT INTO Cliente (pessoaID, NIF) VALUES (4,210084655);
INSERT INTO Cliente (pessoaID, NIF) VALUES (5,210235611);
INSERT INTO Cliente (pessoaID, NIF) VALUES (6,210774816);
INSERT INTO Cliente (pessoaID, NIF) VALUES (7,210852963);
INSERT INTO Cliente (pessoaID, NIF) VALUES (8,210258369);
INSERT INTO Cliente (pessoaID, NIF) VALUES (9,210754396);
INSERT INTO Cliente (pessoaID, NIF) VALUES (10,210761943);
INSERT INTO Cliente (pessoaID, NIF) VALUES (11,210761553);
INSERT INTO Cliente (pessoaID, NIF) VALUES (12,217512243);
INSERT INTO Cliente (pessoaID, NIF) VALUES (13,220000123);
INSERT INTO Cliente (pessoaID, NIF) VALUES (14,212121212);
INSERT INTO Cliente (pessoaID, NIF) VALUES (15,210022214);
INSERT INTO Cliente (pessoaID, NIF) VALUES (16,211022214);
INSERT INTO Cliente (pessoaID, NIF) VALUES (17,210023289);
INSERT INTO Cliente (pessoaID, NIF) VALUES (18,210604554);
INSERT INTO Cliente (pessoaID, NIF) VALUES (19,254887963);
INSERT INTO Cliente (pessoaID, NIF) VALUES (20,202317954);
INSERT INTO Cliente (pessoaID, NIF) VALUES (21,202317955);
INSERT INTO Cliente (pessoaID, NIF) VALUES (22,202317956);
INSERT INTO Cliente (pessoaID, NIF) VALUES (23,202317957);
INSERT INTO Cliente (pessoaID, NIF) VALUES (24,202317958);
INSERT INTO Cliente (pessoaID, NIF) VALUES (25,202317959);
INSERT INTO Cliente (pessoaID, NIF) VALUES (26,202317960);
INSERT INTO Cliente (pessoaID, NIF) VALUES (27,202317961);
INSERT INTO Cliente (pessoaID, NIF) VALUES (28,202317962);
INSERT INTO Cliente (pessoaID, NIF) VALUES (29,202317963);
INSERT INTO Cliente (pessoaID, NIF) VALUES (30,202317964);
INSERT INTO Cliente (pessoaID, NIF) VALUES (31,202317965);
INSERT INTO Cliente (pessoaID, NIF) VALUES (32,202417965);
INSERT INTO Cliente (pessoaID, NIF) VALUES (33,202314965);
INSERT INTO Cliente (pessoaID, NIF) VALUES (34,204317965);
INSERT INTO Cliente (pessoaID, NIF) VALUES (35,202557965);

/*Inserting Ticket*/
INSERT INTO Bilhete (clienteId) VALUES (1);
INSERT INTO Bilhete (clienteId) VALUES (2);
INSERT INTO Bilhete (clienteId) VALUES (3);
INSERT INTO Bilhete (clienteId) VALUES (4);
INSERT INTO Bilhete (clienteId) VALUES (5);
INSERT INTO Bilhete (clienteId) VALUES (6);
INSERT INTO Bilhete (clienteId) VALUES (7);
INSERT INTO Bilhete (clienteId) VALUES (8);
INSERT INTO Bilhete (clienteId) VALUES (9);
INSERT INTO Bilhete (clienteId) VALUES (10);
INSERT INTO Bilhete (clienteId) VALUES (11);
INSERT INTO Bilhete (clienteId) VALUES (12);
INSERT INTO Bilhete (clienteId) VALUES (13);
INSERT INTO Bilhete (clienteId) VALUES (14);
INSERT INTO Bilhete (clienteId) VALUES (15);
INSERT INTO Bilhete (clienteId) VALUES (16);
INSERT INTO Bilhete (clienteId) VALUES (17);
INSERT INTO Bilhete (clienteId) VALUES (18);
INSERT INTO Bilhete (clienteId) VALUES (19);
INSERT INTO Bilhete (clienteId) VALUES (20);
INSERT INTO Bilhete (clienteId) VALUES (21);
INSERT INTO Bilhete (clienteId) VALUES (22);
INSERT INTO Bilhete (clienteId) VALUES (23);
INSERT INTO Bilhete (clienteId) VALUES (24);
INSERT INTO Bilhete (clienteId) VALUES (25);
INSERT INTO Bilhete (clienteId) VALUES (26);
INSERT INTO Bilhete (clienteId) VALUES (27);
INSERT INTO Bilhete (clienteId) VALUES (28);
INSERT INTO Bilhete (clienteId) VALUES (29);
INSERT INTO Bilhete (clienteId) VALUES (30);
INSERT INTO Bilhete (clienteId) VALUES (31);
INSERT INTO Bilhete (clienteId) VALUES (32);
INSERT INTO Bilhete (clienteId) VALUES (33);
INSERT INTO Bilhete (clienteId) VALUES (34);
INSERT INTO Bilhete (clienteId) VALUES (35);

/*Insert Day*/
INSERT INTO Dia (date, startHour, endHour) VALUES ('15-08-2019',2000,0200);
INSERT INTO Dia (date, startHour, endHour) VALUES ('16-08-2019',1900,0200);
INSERT INTO Dia (date, startHour, endHour) VALUES ('17-08-2019',1900,0200);
INSERT INTO Dia (date, startHour, endHour) VALUES ('18-08-2019',1900,0200);

/*Inserting Full Ticket*/
INSERT INTO Geral (bilheteId, price) VALUES (1,94);
INSERT INTO Geral (bilheteId, price) VALUES (2,94);
INSERT INTO Geral (bilheteId, price) VALUES (3,94);
INSERT INTO Geral (bilheteId, price) VALUES (4,94);
INSERT INTO Geral (bilheteId, price) VALUES (5,94);
INSERT INTO Geral (bilheteId, price) VALUES (6,94);
INSERT INTO Geral (bilheteId, price) VALUES (7,94);
INSERT INTO Geral (bilheteId, price) VALUES (8,94);
INSERT INTO Geral (bilheteId, price) VALUES (21,94);
INSERT INTO Geral (bilheteId, price) VALUES (22,94);
INSERT INTO Geral (bilheteId, price) VALUES (23,94);

/*Inserting Daily Tickets*/
INSERT INTO Diario (bilheteId, price, dayId) VALUES (9,50,1);
INSERT INTO Diario (bilheteId, price, dayId) VALUES (10,50,2);
INSERT INTO Diario (bilheteId, price, dayId) VALUES (11,50,3);
INSERT INTO Diario (bilheteId, price, dayId) VALUES (12,50,4);
INSERT INTO Diario (bilheteId, price, dayId) VALUES (13,50,1);
INSERT INTO Diario (bilheteId, price, dayId) VALUES (14,50,2);
INSERT INTO Diario (bilheteId, price, dayId) VALUES (15,50,3);
INSERT INTO Diario (bilheteId, price, dayId) VALUES (16,50,4);
INSERT INTO Diario (bilheteId, price, dayId) VALUES (17,50,1);
INSERT INTO Diario (bilheteId, price, dayId) VALUES (18,50,2);
INSERT INTO Diario (bilheteId, price, dayId) VALUES (19,50,3);
INSERT INTO Diario (bilheteId, price, dayId) VALUES (20,50,4);
INSERT INTO Diario (bilheteId, price, dayId) VALUES (24,50,1);
INSERT INTO Diario (bilheteId, price, dayId) VALUES (25,50,2);
INSERT INTO Diario (bilheteId, price, dayId) VALUES (26,50,3);
INSERT INTO Diario (bilheteId, price, dayId) VALUES (27,50,4);
INSERT INTO Diario (bilheteId, price, dayId) VALUES (28,50,1);
INSERT INTO Diario (bilheteId, price, dayId) VALUES (29,50,2);
INSERT INTO Diario (bilheteId, price, dayId) VALUES (30,50,3);
INSERT INTO Diario (bilheteId, price, dayId) VALUES (31,50,4);
INSERT INTO Diario (bilheteId, price, dayId) VALUES (32,50,3);/*POSSIBLE QUERRY: MEMBERS OF A BAND WITH TICKET AND DAY*/
INSERT INTO Diario (bilheteId, price, dayId) VALUES (33,50,3);
INSERT INTO Diario (bilheteId, price, dayId) VALUES (34,50,3);
INSERT INTO Diario (bilheteId, price, dayId) VALUES (35,50,3);


/*Insert Bands*/
INSERT INTO Banda (name, contacto) VALUES ('Crumb',912454676);
INSERT INTO Banda (name, contacto) VALUES ('Angel Olsen',912444676);
INSERT INTO Banda (name, contacto) VALUES ('Phoebe Bridgers',918958876);
INSERT INTO Banda (name, contacto) VALUES ('Mac DeMarco',912454123);
INSERT INTO Banda (name, contacto) VALUES ('Father John Misty',912454852);
INSERT INTO Banda (name, contacto) VALUES ('St. Vincent',912753656);
INSERT INTO Banda (name, contacto) VALUES ('Arctic Monkeys',912745121);
INSERT INTO Banda (name, contacto) VALUES ('Capitao Fausto',966454676);
INSERT INTO Banda (name, contacto) VALUES ('BOCC',912451234);
INSERT INTO Banda (name, contacto) VALUES ('Julia Jacklin',912455418);
INSERT INTO Banda (name, contacto) VALUES ('Khruangbin',922454741);
INSERT INTO Banda (name, contacto) VALUES ('Ty Segall',932457741);
INSERT INTO Banda (name, contacto) VALUES ('Stella Donely',966454761);
INSERT INTO Banda (name, contacto) VALUES ('Miles Davis',918587551);
INSERT INTO Banda (name, contacto) VALUES ('The Black Keys',939794741);
INSERT INTO Banda (name, contacto) VALUES ('King Gizzard & The Lizard Wizard',938645241);
INSERT INTO Banda (name, contacto) VALUES ('The Murlocs',939794747);
INSERT INTO Banda (name, contacto) VALUES ('Big Thief',939794742);
INSERT INTO Banda (name, contacto) VALUES ('Adrianne Lenker',919394745);
INSERT INTO Banda (name, contacto) VALUES ('Caroline Rose',919394764);
INSERT INTO Banda (name, contacto) VALUES ('Weyes Blood',919394467);

/*Insert band members*/
INSERT INTO Membro (pessoaId) VALUES (32);
INSERT INTO Membro (pessoaId) VALUES (33);
INSERT INTO Membro (pessoaId) VALUES (34);
INSERT INTO Membro (pessoaId) VALUES (35);
INSERT INTO Membro (pessoaId) VALUES (36);
INSERT INTO Membro (pessoaId) VALUES (37);
INSERT INTO Membro (pessoaId) VALUES (38);
INSERT INTO Membro (pessoaId) VALUES (39);
INSERT INTO Membro (pessoaId) VALUES (40);
INSERT INTO Membro (pessoaId) VALUES (41);
INSERT INTO Membro (pessoaId) VALUES (42);
INSERT INTO Membro (pessoaId) VALUES (43);
INSERT INTO Membro (pessoaId) VALUES (44);
INSERT INTO Membro (pessoaId) VALUES (45);
INSERT INTO Membro (pessoaId) VALUES (46);
INSERT INTO Membro (pessoaId) VALUES (47);
INSERT INTO Membro (pessoaId) VALUES (48);
INSERT INTO Membro (pessoaId) VALUES (49);
INSERT INTO Membro (pessoaId) VALUES (50);
INSERT INTO Membro (pessoaId) VALUES (51);
INSERT INTO Membro (pessoaId) VALUES (52);
INSERT INTO Membro (pessoaId) VALUES (53);
INSERT INTO Membro (pessoaId) VALUES (54);
INSERT INTO Membro (pessoaId) VALUES (55);
INSERT INTO Membro (pessoaId) VALUES (56);
INSERT INTO Membro (pessoaId) VALUES (57);
INSERT INTO Membro (pessoaId) VALUES (58);
INSERT INTO Membro (pessoaId) VALUES (59);
INSERT INTO Membro (pessoaId) VALUES (60);
INSERT INTO Membro (pessoaId) VALUES (61);
INSERT INTO Membro (pessoaId) VALUES (62);
INSERT INTO Membro (pessoaId) VALUES (63);
INSERT INTO Membro (pessoaId) VALUES (64);
INSERT INTO Membro (pessoaId) VALUES (65);
INSERT INTO Membro (pessoaId) VALUES (66);
INSERT INTO Membro (pessoaId) VALUES (67);
INSERT INTO Membro (pessoaId) VALUES (68);
INSERT INTO Membro (pessoaId) VALUES (69);
INSERT INTO Membro (pessoaId) VALUES (70);
INSERT INTO Membro (pessoaId) VALUES (71);
INSERT INTO Membro (pessoaId) VALUES (72);
INSERT INTO Membro (pessoaId) VALUES (73);
INSERT INTO Membro (pessoaId) VALUES (74);
INSERT INTO Membro (pessoaId) VALUES (75);
INSERT INTO Membro (pessoaId) VALUES (76);

/*TODO from here*/

/*Insert MembroBanda*/
INSERT INTO MembroBanda (bandaId, membroId) VALUES (1,1);
INSERT INTO MembroBanda (bandaId, membroId) VALUES (1,2);
INSERT INTO MembroBanda (bandaId, membroId) VALUES (1,3);
INSERT INTO MembroBanda (bandaId, membroId) VALUES (1,4);
INSERT INTO MembroBanda (bandaId, membroId) VALUES (2,5);
INSERT INTO MembroBanda (bandaId, membroId) VALUES (3,6);
INSERT INTO MembroBanda (bandaId, membroId) VALUES (3,7);
INSERT INTO MembroBanda (bandaId, membroId) VALUES (4,8);
INSERT INTO MembroBanda (bandaId, membroId) VALUES (4,9);
INSERT INTO MembroBanda (bandaId, membroId) VALUES (4,10);
INSERT INTO MembroBanda (bandaId, membroId) VALUES (5,11);
INSERT INTO MembroBanda (bandaId, membroId) VALUES (6,12);
INSERT INTO MembroBanda (bandaId, membroId) VALUES (7,13);
INSERT INTO MembroBanda (bandaId, membroId) VALUES (7,14);
INSERT INTO MembroBanda (bandaId, membroId) VALUES (7,15);
INSERT INTO MembroBanda (bandaId, membroId) VALUES (8,16);
INSERT INTO MembroBanda (bandaId, membroId) VALUES (8,17);
INSERT INTO MembroBanda (bandaId, membroId) VALUES (8,18);
INSERT INTO MembroBanda (bandaId, membroId) VALUES (9,6);
INSERT INTO MembroBanda (bandaId, membroId) VALUES (9,19);
INSERT INTO MembroBanda (bandaId, membroId) VALUES (10,20);
INSERT INTO MembroBanda (bandaId, membroId) VALUES (11,21);
INSERT INTO MembroBanda (bandaId, membroId) VALUES (11,22);
INSERT INTO MembroBanda (bandaId, membroId) VALUES (11,23);
INSERT INTO MembroBanda (bandaId, membroId) VALUES (12,24);
INSERT INTO MembroBanda (bandaId, membroId) VALUES (13,25);
INSERT INTO MembroBanda (bandaId, membroId) VALUES (14,26);
INSERT INTO MembroBanda (bandaId, membroId) VALUES (14,27);
INSERT INTO MembroBanda (bandaId, membroId) VALUES (14,28);
INSERT INTO MembroBanda (bandaId, membroId) VALUES (14,29);
INSERT INTO MembroBanda (bandaId, membroId) VALUES (14,30);
INSERT INTO MembroBanda (bandaId, membroId) VALUES (15,31);
INSERT INTO MembroBanda (bandaId, membroId) VALUES (15,32);
INSERT INTO MembroBanda (bandaId, membroId) VALUES (16,33);
INSERT INTO MembroBanda (bandaId, membroId) VALUES (16,34);
INSERT INTO MembroBanda (bandaId, membroId) VALUES (16,35);
INSERT INTO MembroBanda (bandaId, membroId) VALUES (16,36);
INSERT INTO MembroBanda (bandaId, membroId) VALUES (16,37);
INSERT INTO MembroBanda (bandaId, membroId) VALUES (16,38);
INSERT INTO MembroBanda (bandaId, membroId) VALUES (16,39);
INSERT INTO MembroBanda (bandaId, membroId) VALUES (17,34);
INSERT INTO MembroBanda (bandaId, membroId) VALUES (17,36);
INSERT INTO MembroBanda (bandaId, membroId) VALUES (17,39);
INSERT INTO MembroBanda (bandaId, membroId) VALUES (18,40);
INSERT INTO MembroBanda (bandaId, membroId) VALUES (18,41);
INSERT INTO MembroBanda (bandaId, membroId) VALUES (18,42);
INSERT INTO MembroBanda (bandaId, membroId) VALUES (18,43);
INSERT INTO MembroBanda (bandaId, membroId) VALUES (19,40);
INSERT INTO MembroBanda (bandaId, membroId) VALUES (19,41);
INSERT INTO MembroBanda (bandaId, membroId) VALUES (20,42);
INSERT INTO MembroBanda (bandaId, membroId) VALUES (21,43);

/*Insert Music Genre*/
INSERT INTO Genero (name) VALUES ('Psychedelic');
INSERT INTO Genero (name) VALUES ('Synth Rock');
INSERT INTO Genero (name) VALUES ('Folk');
INSERT INTO Genero (name) VALUES ('Indie Rock');
INSERT INTO Genero (name) VALUES ('Jazz');
INSERT INTO Genero (name) VALUES ('Indie Pop');
INSERT INTO Genero (name) VALUES ('Art Pop');
INSERT INTO Genero (name) VALUES ('Rock');


/*Insert GeneroBanda*/
INSERT INTO GeneroBanda (bandaId, generoId) VALUES (1,1);
INSERT INTO GeneroBanda (bandaId, generoId) VALUES (1,5);
INSERT INTO GeneroBanda (bandaId, generoId) VALUES (2,2);
INSERT INTO GeneroBanda (bandaId, generoId) VALUES (2,3);
INSERT INTO GeneroBanda (bandaId, generoId) VALUES (3,3);
INSERT INTO GeneroBanda (bandaId, generoId) VALUES (4,4);
INSERT INTO GeneroBanda (bandaId, generoId) VALUES (5,3);
INSERT INTO GeneroBanda (bandaId, generoId) VALUES (6,4);
INSERT INTO GeneroBanda (bandaId, generoId) VALUES (6,7);
INSERT INTO GeneroBanda (bandaId, generoId) VALUES (7,4);
INSERT INTO GeneroBanda (bandaId, generoId) VALUES (8,1);
INSERT INTO GeneroBanda (bandaId, generoId) VALUES (8,4);
INSERT INTO GeneroBanda (bandaId, generoId) VALUES (8,6);
INSERT INTO GeneroBanda (bandaId, generoId) VALUES (9,3);
INSERT INTO GeneroBanda (bandaId, generoId) VALUES (10,3);
INSERT INTO GeneroBanda (bandaId, generoId) VALUES (10,4);
INSERT INTO GeneroBanda (bandaId, generoId) VALUES (11,1);
INSERT INTO GeneroBanda (bandaId, generoId) VALUES (11,4);
INSERT INTO GeneroBanda (bandaId, generoId) VALUES (12,1);
INSERT INTO GeneroBanda (bandaId, generoId) VALUES (12,4);
INSERT INTO GeneroBanda (bandaId, generoId) VALUES (13,3);
INSERT INTO GeneroBanda (bandaId, generoId) VALUES (14,5);
INSERT INTO GeneroBanda (bandaId, generoId) VALUES (15,8);
INSERT INTO GeneroBanda (bandaId, generoId) VALUES (16,1);
INSERT INTO GeneroBanda (bandaId, generoId) VALUES (16,2);
INSERT INTO GeneroBanda (bandaId, generoId) VALUES (16,4);
INSERT INTO GeneroBanda (bandaId, generoId) VALUES (16,5);
INSERT INTO GeneroBanda (bandaId, generoId) VALUES (17,1);
INSERT INTO GeneroBanda (bandaId, generoId) VALUES (17,4);
INSERT INTO GeneroBanda (bandaId, generoId) VALUES (18,3);
INSERT INTO GeneroBanda (bandaId, generoId) VALUES (18,4);
INSERT INTO GeneroBanda (bandaId, generoId) VALUES (19,3);
INSERT INTO GeneroBanda (bandaId, generoId) VALUES (20,6);
INSERT INTO GeneroBanda (bandaId, generoId) VALUES (20,7);
INSERT INTO GeneroBanda (bandaId, generoId) VALUES (21,6);
INSERT INTO GeneroBanda (bandaId, generoId) VALUES (21,7);

/*Insert Infraestrutura */
INSERT INTO Infraestrutura (disponibilidade,capacidade,localizacao) VALUES (0,100,'Relvado Principal');
INSERT INTO Infraestrutura (disponibilidade,capacidade,localizacao) VALUES (0,100,'Relvado Secundario');
INSERT INTO Infraestrutura (disponibilidade,capacidade,localizacao) VALUES (0,100,'Relvado Alternativo');
INSERT INTO Infraestrutura (disponibilidade,capacidade,localizacao) VALUES (0,100,'Zona Comum A');
INSERT INTO Infraestrutura (disponibilidade,capacidade,localizacao) VALUES (1,100,'Zona Comum B');
INSERT INTO Infraestrutura (disponibilidade,capacidade,localizacao) VALUES (1,100,'Campismo A');
INSERT INTO Infraestrutura (disponibilidade,capacidade,localizacao) VALUES (0,100,'Relvado Principal');
INSERT INTO Infraestrutura (disponibilidade,capacidade,localizacao) VALUES (1,100,'Relvado Alternativo');
INSERT INTO Infraestrutura (disponibilidade,capacidade,localizacao) VALUES (0,100,'Campismo A');
INSERT INTO Infraestrutura (disponibilidade,capacidade,localizacao) VALUES (0,100,'Campismo A');
INSERT INTO Infraestrutura (disponibilidade,capacidade,localizacao) VALUES (0,100,'Campismo B');


/*Insert Palco */
INSERT INTO Palco (infraestruturaId, name) VALUES (1,'Principal');
INSERT INTO Palco (infraestruturaid, name) VALUES (2,'Secundario');
INSERT INTO Palco (infraestruturaid, name) VALUES (3,'Alternativo');

/*Insert WC */
INSERT INTO WC (infraestruturaId, showers, toilets, sinks) VALUES (4,1,8,4);
INSERT INTO WC (infraestruturaId, showers, toilets, sinks) VALUES (5,1,10,5);
INSERT INTO WC (infraestruturaId, showers, toilets, sinks) VALUES (6,10,4,4);


/*Insert Restauracao */
INSERT INTO Restauracao (infraestruturaId, restaurants, bars) VALUES (7,12,4);
INSERT INTO Restauracao (infraestruturaId, restaurants, bars) VALUES (8,5,5);
INSERT INTO Restauracao (infraestruturaId, restaurants, bars) VALUES (10,2,2);


/*Insert Campismo */
INSERT INTO Campismo (infraestruturaId, campingZones, trashCans) VALUES (9,8,20);
INSERT INTO Campismo (infraestruturaId, campingZones, trashCans) VALUES (11,4,12);


/*Insert GeneroPalco */
INSERT INTO GeneroPalco (palcoId, generoId) VALUES (1,1);
INSERT INTO GeneroPalco (palcoId, generoId) VALUES (1,2);
INSERT INTO GeneroPalco (palcoId, generoId) VALUES (1,4);
INSERT INTO GeneroPalco (palcoId, generoId) VALUES (1,8);
INSERT INTO GeneroPalco (palcoId, generoId) VALUES (2,3);
INSERT INTO GeneroPalco (palcoId, generoId) VALUES (2,4);
INSERT INTO GeneroPalco (palcoId, generoId) VALUES (2,5);
INSERT INTO GeneroPalco (palcoId, generoId) VALUES (3,6);
INSERT INTO GeneroPalco (palcoId, generoId) VALUES (3,7);

/*Insert Staff*/
INSERT INTO Staff (pessoaId, turno, disponibilidade) VALUES (77,'Diurno',0);
INSERT INTO Staff (pessoaId, turno, disponibilidade) VALUES (78,'Noturno',0);
INSERT INTO Staff (pessoaId, turno, disponibilidade) VALUES (79,'Noturno',0);
INSERT INTO Staff (pessoaId, turno, disponibilidade) VALUES (80,'Diurno',0);
INSERT INTO Staff (pessoaId, turno, disponibilidade) VALUES (81,'Noturno',1);
INSERT INTO Staff (pessoaId, turno, disponibilidade) VALUES (82,'Noturno',1);
INSERT INTO Staff (pessoaId, turno, disponibilidade) VALUES (83,'Noturno',1);
INSERT INTO Staff (pessoaId, turno, disponibilidade) VALUES (84,'Diurno',0);
INSERT INTO Staff (pessoaId, turno, disponibilidade) VALUES (85,'Diurno',0);
INSERT INTO Staff (pessoaId, turno, disponibilidade) VALUES (86,'Diurno',0);
INSERT INTO Staff (pessoaId, turno, disponibilidade) VALUES (87,'Diurno',0);
INSERT INTO Staff (pessoaId, turno, disponibilidade) VALUES (88,'Diurno',0);
INSERT INTO Staff (pessoaId, turno, disponibilidade) VALUES (89,'Diurno',1);
INSERT INTO Staff (pessoaId, turno, disponibilidade) VALUES (90,'Noturno',0);
INSERT INTO Staff (pessoaId, turno, disponibilidade) VALUES (91,'Noturno',0);
INSERT INTO Staff (pessoaId, turno, disponibilidade) VALUES (92,'Diurno',0);
INSERT INTO Staff (pessoaId, turno, disponibilidade) VALUES (93,'Diurno',0);
INSERT INTO Staff (pessoaId, turno, disponibilidade) VALUES (94,'Noturno',0);
INSERT INTO Staff (pessoaId, turno, disponibilidade) VALUES (95,'Diurno',0);
INSERT INTO Staff (pessoaId, turno, disponibilidade) VALUES (96,'Noturno',1);
INSERT INTO Staff (pessoaId, turno, disponibilidade) VALUES (97,'Diurno',1);
INSERT INTO Staff (pessoaId, turno, disponibilidade) VALUES (98,'Noturno',0);
INSERT INTO Staff (pessoaId, turno, disponibilidade) VALUES (99,'Diurno',0);
INSERT INTO Staff (pessoaId, turno, disponibilidade) VALUES (100,'Noturno',1);
INSERT INTO Staff (pessoaId, turno, disponibilidade) VALUES (101,'Diurno',1);
INSERT INTO Staff (pessoaId, turno, disponibilidade) VALUES (102,'Noturno',0);
INSERT INTO Staff (pessoaId, turno, disponibilidade) VALUES (103,'Diurno',0);
INSERT INTO Staff (pessoaId, turno, disponibilidade) VALUES (104,'Diurno',0);
INSERT INTO Staff (pessoaId, turno, disponibilidade) VALUES (105,'Diurno',0);
INSERT INTO Staff (pessoaId, turno, disponibilidade) VALUES (106,'Diurno',0);
INSERT INTO Staff (pessoaId, turno, disponibilidade) VALUES (107,'Diurno',0);
INSERT INTO Staff (pessoaId, turno, disponibilidade) VALUES (108,'Noturno',0);


/*Insert SubContratado*/
INSERT INTO SubContratado (staffId, empresa) VALUES (1,'Ferreiras Ltd.');
INSERT INTO SubContratado (staffId, empresa) VALUES (2,'Ferreiras Ltd.');
INSERT INTO SubContratado (staffId, empresa) VALUES (3,'Ferreiras Ltd.');
INSERT INTO SubContratado (staffId, empresa) VALUES (17,'Unlimited Staff Inc.');
INSERT INTO SubContratado (staffId, empresa) VALUES (18,'Unlimited Staff Inc.');
INSERT INTO SubContratado (staffId, empresa) VALUES (19,'Unlimited Staff Inc.');
INSERT INTO SubContratado (staffId, empresa) VALUES (20,'Unlimited Staff Inc.');
INSERT INTO SubContratado (staffId, empresa) VALUES (21,'Unlimited Staff Inc.');
INSERT INTO SubContratado (staffId, empresa) VALUES (22,'Unlimited Staff Inc.');
INSERT INTO SubContratado (staffId, empresa) VALUES (23,'Unlimited Staff Inc.');
INSERT INTO SubContratado (staffId, empresa) VALUES (24,'Unlimited Staff Inc.');
INSERT INTO SubContratado (staffId, empresa) VALUES (25,'Unlimited Staff Inc.');
INSERT INTO SubContratado (staffId, empresa) VALUES (26,'Unlimited Staff Inc.');
INSERT INTO SubContratado (staffId, empresa) VALUES (27,'Unlimited Staff Inc.');
INSERT INTO SubContratado (staffId, empresa) VALUES (28,'Unlimited Staff Inc.');
INSERT INTO SubContratado (staffId, empresa) VALUES (29,'Unlimited Staff Inc.');
INSERT INTO SubContratado (staffId, empresa) VALUES (30,'Unlimited Staff Inc.');
INSERT INTO SubContratado (staffId, empresa) VALUES (31,'Unlimited Staff Inc.');

/*Insert Sponsor*/
INSERT INTO Sponsor (staffId, empresa) VALUES (4,'Alfa Romeo');
INSERT INTO Sponsor (staffId, empresa) VALUES (5,'Scuderia Ferrari');
INSERT INTO Sponsor (staffId, empresa) VALUES (6,'Mercedes GP');
INSERT INTO Sponsor (staffId, empresa) VALUES (7,'Mercedes GP');
INSERT INTO Sponsor (staffId, empresa) VALUES (8,'Scuderia Ferrari');
INSERT INTO Sponsor (staffId, empresa) VALUES (9,'Haas');
INSERT INTO Sponsor (staffId, empresa) VALUES (10,'Alfa Romeo');
INSERT INTO Sponsor (staffId, empresa) VALUES (11,'Renault');
INSERT INTO Sponsor (staffId, empresa) VALUES (12,'Williams');
INSERT INTO Sponsor (staffId, empresa) VALUES (13,'Williams');
INSERT INTO Sponsor (staffId, empresa) VALUES (14,'McLaren');
INSERT INTO Sponsor (staffId, empresa) VALUES (15,'Toro Rosso');
INSERT INTO Sponsor (staffId, empresa) VALUES (16,'Renault');


/*Insert StaffInfraestrutura*/
INSERT INTO StaffInfraestrutura (staffId, infraestruturaId) VALUES (1,1);
INSERT INTO StaffInfraestrutura (staffId, infraestruturaId) VALUES (2,1);
INSERT INTO StaffInfraestrutura (staffId, infraestruturaId) VALUES (3,2);
INSERT INTO StaffInfraestrutura (staffId, infraestruturaId) VALUES (4,2);
INSERT INTO StaffInfraestrutura (staffId, infraestruturaId) VALUES (5,3);
INSERT INTO StaffInfraestrutura (staffId, infraestruturaId) VALUES (6,3);
INSERT INTO StaffInfraestrutura (staffId, infraestruturaId) VALUES (7,4);
INSERT INTO StaffInfraestrutura (staffId, infraestruturaId) VALUES (8,4);
INSERT INTO StaffInfraestrutura (staffId, infraestruturaId) VALUES (9,5);
INSERT INTO StaffInfraestrutura (staffId, infraestruturaId) VALUES (10,5);
INSERT INTO StaffInfraestrutura (staffId, infraestruturaId) VALUES (11,6);
INSERT INTO StaffInfraestrutura (staffId, infraestruturaId) VALUES (12,6);
INSERT INTO StaffInfraestrutura (staffId, infraestruturaId) VALUES (13,7);
INSERT INTO StaffInfraestrutura (staffId, infraestruturaId) VALUES (14,7);
INSERT INTO StaffInfraestrutura (staffId, infraestruturaId) VALUES (15,8);
INSERT INTO StaffInfraestrutura (staffId, infraestruturaId) VALUES (16,8);
INSERT INTO StaffInfraestrutura (staffId, infraestruturaId) VALUES (17,9);
INSERT INTO StaffInfraestrutura (staffId, infraestruturaId) VALUES (18,9);
INSERT INTO StaffInfraestrutura (staffId, infraestruturaId) VALUES (19,10);
INSERT INTO StaffInfraestrutura (staffId, infraestruturaId) VALUES (20,11);
INSERT INTO StaffInfraestrutura (staffId, infraestruturaId) VALUES (21,1);
INSERT INTO StaffInfraestrutura (staffId, infraestruturaId) VALUES (22,2);
INSERT INTO StaffInfraestrutura (staffId, infraestruturaId) VALUES (23,3);
INSERT INTO StaffInfraestrutura (staffId, infraestruturaId) VALUES (24,4);
INSERT INTO StaffInfraestrutura (staffId, infraestruturaId) VALUES (25,5);
INSERT INTO StaffInfraestrutura (staffId, infraestruturaId) VALUES (26,6);
INSERT INTO StaffInfraestrutura (staffId, infraestruturaId) VALUES (27,7);
INSERT INTO StaffInfraestrutura (staffId, infraestruturaId) VALUES (28,8);
INSERT INTO StaffInfraestrutura (staffId, infraestruturaId) VALUES (29,9);
INSERT INTO StaffInfraestrutura (staffId, infraestruturaId) VALUES (30,10);
INSERT INTO StaffInfraestrutura (staffId, infraestruturaId) VALUES (31,11);

/*Insert Horario*/
INSERT INTO Horario (bandaId, palcoId, diaId, inicio, fim) VALUES (1,1,1,2200,2400);
INSERT INTO Horario (bandaId, palcoId, diaId, inicio, fim) VALUES (2,2,1,2000,2100);
INSERT INTO Horario (bandaId, palcoId, diaId, inicio, fim) VALUES (3,3,1,1800,1900);
INSERT INTO Horario (bandaId, palcoId, diaId, inicio, fim) VALUES (4,1,1,2400,0200);
INSERT INTO Horario (bandaId, palcoId, diaId, inicio, fim) VALUES (5,2,1,2100,2200);
INSERT INTO Horario (bandaId, palcoId, diaId, inicio, fim) VALUES (6,3,1,1900,2100);
INSERT INTO Horario (bandaId, palcoId, diaId, inicio, fim) VALUES (7,1,2,2200,2400);
INSERT INTO Horario (bandaId, palcoId, diaId, inicio, fim) VALUES (8,2,2,2000,2100);
INSERT INTO Horario (bandaId, palcoId, diaId, inicio, fim) VALUES (9,3,2,1800,1900);
INSERT INTO Horario (bandaId, palcoId, diaId, inicio, fim) VALUES (10,1,2,2400,0200);
INSERT INTO Horario (bandaId, palcoId, diaId, inicio, fim) VALUES (11,2,2,2100,2200);
INSERT INTO Horario (bandaId, palcoId, diaId, inicio, fim) VALUES (12,3,2,1900,2100);
INSERT INTO Horario (bandaId, palcoId, diaId, inicio, fim) VALUES (13,1,3,2200,2400);
INSERT INTO Horario (bandaId, palcoId, diaId, inicio, fim) VALUES (14,2,3,2000,2100);
INSERT INTO Horario (bandaId, palcoId, diaId, inicio, fim) VALUES (15,3,3,1800,1900);
INSERT INTO Horario (bandaId, palcoId, diaId, inicio, fim) VALUES (16,1,3,2400,0200);
INSERT INTO Horario (bandaId, palcoId, diaId, inicio, fim) VALUES (17,2,3,2100,2200);
INSERT INTO Horario (bandaId, palcoId, diaId, inicio, fim) VALUES (18,3,3,1900,2100);
INSERT INTO Horario (bandaId, palcoId, diaId, inicio, fim) VALUES (19,1,4,2000,2200);
INSERT INTO Horario (bandaId, palcoId, diaId, inicio, fim) VALUES (20,1,4,2200,0000);
INSERT INTO Horario (bandaId, palcoId, diaId, inicio, fim) VALUES (21,1,4,0000,0200);
INSERT INTO Horario (bandaId, palcoId, diaId, inicio, fim) VALUES (1,1,3,2100,2200);
